{
    "playerX": -7.933134078979492,
    "playerY": 4.001002788543701,
    "score": -858993460
}